Time,Event
00:16.672,Bezarag is afflicted by  Mark of the Faceless  from General Vezax
00:26.662,General Vezax's Mark of the Faceless  fades from Bezarag
00:39.224,Droob is afflicted by  Mark of the Faceless  from General Vezax
00:41.787,"General Vezax Mark of the Faceless Ratherbebelf (A: 4850) (U: 5000, M: 150, 3.00%)"
00:41.787,"General Vezax Mark of the Faceless Shambby (A: 4850) (U: 5000, M: 150, 3.00%)"
00:41.787,"General Vezax Mark of the Faceless Dellbelphine 4850 (U: 5000, M: 150, 3.00%)"
00:41.787,"General Vezax Mark of the Faceless Padparadcha 4850 (U: 5000, M: 150, 3.00%)"
00:41.787,"General Vezax Mark of the Faceless Apraxial (A: 4656) (U: 5000, M: 344, 6.88%)"
00:43.059,"General Vezax Mark of the Faceless Shambby 2145 (A: 2705) (U: 5000, M: 150, 3.00%)"
00:43.059,"General Vezax Mark of the Faceless Apraxial 1517 (A: 3139) (U: 5000, M: 344, 6.88%)"
00:43.059,"General Vezax Mark of the Faceless Ratherbebelf 2297 (A: 2553) (U: 5000, M: 150, 3.00%)"
00:43.059,"General Vezax Mark of the Faceless Dellbelphine 4850 (U: 5000, M: 150, 3.00%)"
00:43.059,"General Vezax Mark of the Faceless Padparadcha 4850 (U: 5000, M: 150, 3.00%)"
00:44.292,"General Vezax Mark of the Faceless Dellbelphine 4850 (U: 5000, M: 150, 3.00%)"
00:44.292,"General Vezax Mark of the Faceless Apraxial 4656 (U: 5000, M: 344, 6.88%)"
00:44.292,"General Vezax Mark of the Faceless Shambby 4850 (U: 5000, M: 150, 3.00%)"
00:44.292,"General Vezax Mark of the Faceless Padparadcha 4850 (U: 5000, M: 150, 3.00%)"
00:49.240,General Vezax's Mark of the Faceless  fades from Droob
01:02.021,Padparadcha is afflicted by  Mark of the Faceless  from General Vezax
01:04.729,"General Vezax Mark of the Faceless Apraxial (A: 4656) (U: 5000, M: 344, 6.88%)"
01:04.729,"General Vezax Mark of the Faceless Droob (A: 4850) (U: 5000, M: 150, 3.00%)"
01:04.729,"General Vezax Mark of the Faceless Dellbelphine (A: 4850) (U: 5000, M: 150, 3.00%)"
01:04.729,"General Vezax Mark of the Faceless Shambby (A: 4850) (U: 5000, M: 150, 3.00%)"
01:11.993,General Vezax's Mark of the Faceless  fades from Padparadcha
01:23.205,Shambby is afflicted by  Mark of the Faceless  from General Vezax
01:26.004,"General Vezax Mark of the Faceless Droob 2055 (A: 2795) (U: 5000, M: 150, 3.00%)"
01:26.004,"General Vezax Mark of the Faceless Padparadcha (A: 4850) (U: 5000, M: 150, 3.00%)"
01:26.004,"General Vezax Mark of the Faceless Apraxial 1486 (A: 3170) (U: 5000, M: 344, 6.88%)"
01:26.006,"General Vezax Mark of the Faceless Dellbelphine 4850 (U: 5000, M: 150, 3.00%)"
01:26.006,"General Vezax Mark of the Faceless Pestie (A: 4850) (U: 5000, M: 150, 3.00%)"
01:27.169,"General Vezax Mark of the Faceless Apraxial 4656 (U: 5000, M: 344, 6.88%)"
01:27.169,"General Vezax Mark of the Faceless Dellbelphine 4850 (U: 5000, M: 150, 3.00%)"
01:27.169,"General Vezax Mark of the Faceless Pestie 2055 (A: 2795) (U: 5000, M: 150, 3.00%)"
01:28.425,"General Vezax Mark of the Faceless Pestie 4850 (U: 5000, M: 150, 3.00%)"
01:28.425,"General Vezax Mark of the Faceless Apraxial 4656 (U: 5000, M: 344, 6.88%)"
01:28.425,"General Vezax Mark of the Faceless Dellbelphine 4850 (U: 5000, M: 150, 3.00%)"
01:29.648,"General Vezax Mark of the Faceless Pestie 4850 (U: 5000, M: 150, 3.00%)"
01:30.728,"General Vezax Mark of the Faceless Pestie 4850 (U: 5000, M: 150, 3.00%)"
01:32.963,"General Vezax Mark of the Faceless Apraxial (A: 4656) (U: 5000, M: 344, 6.88%)"
01:33.183,General Vezax's Mark of the Faceless  fades from Shambby
01:34.026,"General Vezax Mark of the Faceless Apraxial 1969 (A: 2687) (U: 5000, M: 344, 6.88%)"
01:34.755,"General Vezax Mark of the Faceless Dellbelphine (A: 4850) (U: 5000, M: 150, 3.00%)"
01:34.755,"General Vezax Mark of the Faceless Apraxial 4656 (U: 5000, M: 344, 6.88%)"
01:35.487,"General Vezax Mark of the Faceless Ratherbebelf (A: 4850) (U: 5000, M: 150, 3.00%)"
01:35.487,"General Vezax Mark of the Faceless Apraxial 4656 (U: 5000, M: 344, 6.88%)"
01:35.487,"General Vezax Mark of the Faceless Dellbelphine 2153 (A: 2697) (U: 5000, M: 150, 3.00%)"
01:47.382,Padparadcha is afflicted by  Mark of the Faceless  from General Vezax
01:50.302,"General Vezax Mark of the Faceless Ratherbebelf (A: 4850) (U: 5000, M: 150, 3.00%)"
01:50.302,"General Vezax Mark of the Faceless Magìcpìpe 4850 (U: 5000, M: 150, 3.00%)"
01:50.302,"General Vezax Mark of the Faceless Shambby 4850 (U: 5000, M: 150, 3.00%)"
01:50.302,"General Vezax Mark of the Faceless Droob 4850 (U: 5000, M: 150, 3.00%)"
01:50.302,"General Vezax Mark of the Faceless Wunderlol 4122 (U: 5000, M: 878, 17.56%)"
01:50.302,"General Vezax Mark of the Faceless Shindolshot 4656 (U: 5000, M: 344, 6.88%)"
01:50.302,"General Vezax Mark of the Faceless Dellbelphine (A: 4850) (U: 5000, M: 150, 3.00%)"
01:57.377,General Vezax's Mark of the Faceless  fades from Padparadcha
02:14.897,Ratherbebelf is afflicted by  Mark of the Faceless  from General Vezax
02:17.476,"General Vezax Mark of the Faceless Shambby (A: 4850) (U: 5000, M: 150, 3.00%)"
02:17.476,"General Vezax Mark of the Faceless Pestie 4850 (U: 5000, M: 150, 3.00%)"
02:17.476,"General Vezax Mark of the Faceless Magìcpìpe (A: 4850) (U: 5000, M: 150, 3.00%)"
02:17.476,"General Vezax Mark of the Faceless Boscaiolo (A: 4850) (U: 5000, M: 150, 3.00%)"
02:17.476,"General Vezax Mark of the Faceless Droob (A: 4850) (U: 5000, M: 150, 3.00%)"
02:17.476,"General Vezax Mark of the Faceless Onkos (A: 4850) (U: 5000, M: 150, 3.00%)"
02:17.476,"General Vezax Mark of the Faceless Wunderlol 4123 (U: 5000, M: 877, 17.54%)"
02:17.476,"General Vezax Mark of the Faceless Shindolshot (A: 4656) (U: 5000, M: 344, 6.88%)"
02:17.476,"General Vezax Mark of the Faceless Bezarag (A: 4607) (U: 5000, M: 393, 7.86%)"
02:18.577,"General Vezax Mark of the Faceless Magìcpìpe 1952 (A: 2898) (U: 5000, M: 150, 3.00%)"
02:18.577,"General Vezax Mark of the Faceless Wunderlol 4123 (U: 5000, M: 877, 17.54%)"
02:18.577,"General Vezax Mark of the Faceless Shambby 1952 (A: 2898) (U: 5000, M: 150, 3.00%)"
02:18.577,"General Vezax Mark of the Faceless Pestie 4850 (U: 5000, M: 150, 3.00%)"
02:18.577,"General Vezax Mark of the Faceless Droob 1982 (A: 2868) (U: 5000, M: 150, 3.00%)"
02:18.577,"General Vezax Mark of the Faceless Boscaiolo 1768 (A: 3082) (U: 5000, M: 150, 3.00%)"
02:18.577,"General Vezax Mark of the Faceless Bezarag 1526 (A: 3081) (U: 5000, M: 393, 7.86%)"
02:18.577,"General Vezax Mark of the Faceless Onkos 1952 (A: 2898) (U: 5000, M: 150, 3.00%)"
02:24.885,General Vezax's Mark of the Faceless  fades from Ratherbebelf
02:35.755,Dellbelphine is afflicted by  Mark of the Faceless  from General Vezax
02:38.174,"General Vezax Mark of the Faceless Padparadcha 4850 (U: 5000, M: 150, 3.00%)"
02:38.174,"General Vezax Mark of the Faceless Ratherbebelf 4850 (U: 5000, M: 150, 3.00%)"
02:38.174,"General Vezax Mark of the Faceless Shambby 4850 (U: 5000, M: 150, 3.00%)"
02:38.174,"General Vezax Mark of the Faceless Droob 4850 (U: 5000, M: 150, 3.00%)"
02:38.174,"General Vezax Mark of the Faceless Pestie 4850 (U: 5000, M: 150, 3.00%)"
02:38.174,"General Vezax Mark of the Faceless Apraxial 4656 (U: 5000, M: 344, 6.88%)"
02:39.450,"General Vezax Mark of the Faceless Apraxial 4656 (U: 5000, M: 344, 6.88%)"
02:39.450,"General Vezax Mark of the Faceless Droob 4850 (U: 5000, M: 150, 3.00%)"
02:39.450,"General Vezax Mark of the Faceless Shambby 4850 (U: 5000, M: 150, 3.00%)"
02:39.450,"General Vezax Mark of the Faceless Padparadcha 4850 (U: 5000, M: 150, 3.00%)"
02:45.760,General Vezax's Mark of the Faceless  fades from Dellbelphine
02:57.193,Padparadcha is afflicted by  Mark of the Faceless  from General Vezax
03:07.189,General Vezax's Mark of the Faceless  fades from Padparadcha
03:17.909,Shindolshot is afflicted by  Mark of the Faceless  from General Vezax
03:20.254,"General Vezax Mark of the Faceless Pestie (A: 4850) (U: 5000, M: 150, 3.00%)"
03:20.254,"General Vezax Mark of the Faceless Magìcpìpe 4850 (U: 5000, M: 150, 3.00%)"
03:20.255,"General Vezax Mark of the Faceless Boscaiolo 4850 (U: 5000, M: 150, 3.00%)"
03:20.255,"General Vezax Mark of the Faceless Wunderlol 4122 (U: 5000, M: 878, 17.56%)"
03:20.255,"General Vezax Mark of the Faceless Onkos 4850 (U: 5000, M: 150, 3.00%)"
03:20.255,"General Vezax Mark of the Faceless Bezarag 4607 (U: 5000, M: 393, 7.86%)"
03:27.896,General Vezax's Mark of the Faceless  fades from Shindolshot
00:16.626,Apraxial is afflicted by  Mark of the Faceless  from General Vezax
00:19.193,"General Vezax Mark of the Faceless  Dellbelphine 4850 (U: 5000, M: 150, 3.00%)"
00:19.193,"General Vezax Mark of the Faceless Ratherbebelf 4850 (U: 5000, M: 150, 3.00%)"
00:19.193,"General Vezax Mark of the Faceless Droob 4850 (U: 5000, M: 150, 3.00%)"
00:19.193,"General Vezax Mark of the Faceless Padparadcha 4850 (U: 5000, M: 150, 3.00%)"
00:19.207,"General Vezax Mark of the Faceless Shambby 4850 (U: 5000, M: 150, 3.00%)"
00:20.167,"General Vezax Mark of the Faceless Padparadcha 4850 (U: 5000, M: 150, 3.00%)"
00:20.167,"General Vezax Mark of the Faceless Shambby 4850 (U: 5000, M: 150, 3.00%)"
00:20.167,"General Vezax Mark of the Faceless Droob 4850 (U: 5000, M: 150, 3.00%)"
00:20.167,"General Vezax Mark of the Faceless Ratherbebelf 4850 (U: 5000, M: 150, 3.00%)"
00:20.167,"General Vezax Mark of the Faceless  Dellbelphine 4850 (U: 5000, M: 150, 3.00%)"
00:26.636,General Vezax's Mark of the Faceless  fades from Apraxial
00:37.872,Boscaiolo is afflicted by  Mark of the Faceless  from General Vezax
00:40.952,"General Vezax Mark of the Faceless Bezarag 4608 (U: 5000, M: 392, 7.84%)"
00:40.952,"General Vezax Mark of the Faceless Pestie 4850 (U: 5000, M: 150, 3.00%)"
00:40.952,"General Vezax Mark of the Faceless Shindolshot 4656 (U: 5000, M: 344, 6.88%)"
00:40.952,"General Vezax Mark of the Faceless Wunderlol 4122 (U: 5000, M: 878, 17.56%)"
00:40.952,"General Vezax Mark of the Faceless Onkos (A: 4850) (U: 5000, M: 150, 3.00%)"
00:40.952,"General Vezax Mark of the Faceless Magìcpìpe 4850 (U: 5000, M: 150, 3.00%)"
00:47.881,General Vezax's Mark of the Faceless  fades from Boscaiolo
00:48.427,"General Vezax Mark of the Faceless Pestie 4850 (U: 5000, M: 150, 3.00%)"
00:49.175,"General Vezax Mark of the Faceless Onkos 2236 (A: 2614) (U: 5000, M: 150, 3.00%)"
00:49.175,"General Vezax Mark of the Faceless Pestie 4850 (U: 5000, M: 150, 3.00%)"
00:49.175,"General Vezax Mark of the Faceless Wunderlol 4123 (U: 5000, M: 877, 17.54%)"
00:49.175,"General Vezax Mark of the Faceless Magìcpìpe 4850 (U: 5000, M: 150, 3.00%)"
00:49.175,"General Vezax Mark of the Faceless  Bezarag 4607 (U: 5000, M: 393, 7.86%)"
00:49.946,"General Vezax Mark of the Faceless Wunderlol 4123 (U: 5000, M: 877, 17.54%)"
00:49.946,"General Vezax Mark of the Faceless  Bezarag 4608 (U: 5000, M: 392, 7.84%)"
00:49.946,"General Vezax Mark of the Faceless Shindolshot 4656 (U: 5000, M: 344, 6.88%)"
00:49.946,"General Vezax Mark of the Faceless Magìcpìpe 4850 (U: 5000, M: 150, 3.00%)"
00:49.951,"General Vezax Mark of the Faceless Onkos 4850 (U: 5000, M: 150, 3.00%)"
00:49.951,"General Vezax Mark of the Faceless Pestie (A: 4850) (U: 5000, M: 150, 3.00%)"
00:58.765,Bezarag is afflicted by  Mark of the Faceless  from General Vezax
01:02.198,"General Vezax Mark of the Faceless Onkos (A: 4850) (U: 5000, M: 150, 3.00%)"
01:03.360,"General Vezax Mark of the Faceless Onkos 2085 (A: 2765) (U: 5000, M: 150, 3.00%)"
01:08.786,General Vezax's Mark of the Faceless  fades from Bezarag
01:19.854,Padparadcha is afflicted by  Mark of the Faceless  from General Vezax
01:22.906,"General Vezax Mark of the Faceless Droob (A: 4850) (U: 5000, M: 150, 3.00%)"
01:22.906,"General Vezax Mark of the Faceless Apraxial (A: 4656) (U: 5000, M: 344, 6.88%)"
01:22.906,"General Vezax Mark of the Faceless Ratherbebelf (A: 4850) (U: 5000, M: 150, 3.00%)"
01:22.906,"General Vezax Mark of the Faceless  Dellbelphine (A: 4850) (U: 5000, M: 150, 3.00%)"
01:22.906,"General Vezax Mark of the Faceless Shambby (A: 4850) (U: 5000, M: 150, 3.00%)"
01:23.935,"General Vezax Mark of the Faceless  Dellbelphine 2177 (A: 2673) (U: 5000, M: 150, 3.00%)"
01:23.935,"General Vezax Mark of the Faceless Ratherbebelf 2177 (A: 2673) (U: 5000, M: 150, 3.00%)"
01:23.935,"General Vezax Mark of the Faceless Shambby 2177 (A: 2673) (U: 5000, M: 150, 3.00%)"
01:29.860,General Vezax's Mark of the Faceless  fades from Padparadcha
01:42.584,Apraxial is afflicted by  Mark of the Faceless  from General Vezax
01:45.527,"General Vezax Mark of the Faceless Shambby 4850 (U: 5000, M: 150, 3.00%)"
01:45.527,"General Vezax Mark of the Faceless Padparadcha 4850 (U: 5000, M: 150, 3.00%)"
01:45.527,"General Vezax Mark of the Faceless  Dellbelphine 4850 (U: 5000, M: 150, 3.00%)"
01:45.527,"General Vezax Mark of the Faceless Droob 4850 (U: 5000, M: 150, 3.00%)"
01:46.569,"General Vezax Mark of the Faceless  Dellbelphine 4850 (U: 5000, M: 150, 3.00%)"
01:52.606,General Vezax's Mark of the Faceless  fades from Apraxial
02:05.119,Shindolshot is afflicted by  Mark of the Faceless  from General Vezax
02:07.809,"General Vezax Mark of the Faceless Shambby 4850 (U: 5000, M: 150, 3.00%)"
02:07.809,"General Vezax Mark of the Faceless Droob 4850 (U: 5000, M: 150, 3.00%)"
02:07.809,"General Vezax Mark of the Faceless Bezarag 4608 (U: 5000, M: 392, 7.84%)"
02:15.124,General Vezax's Mark of the Faceless  fades from Shindolshot
02:27.737,Padparadcha is afflicted by  Mark of the Faceless  from General Vezax
02:30.419,"General Vezax Mark of the Faceless  Dellbelphine (A: 4850) (U: 5000, M: 150, 3.00%)"
02:30.419,"General Vezax Mark of the Faceless Ratherbebelf (A: 4850) (U: 5000, M: 150, 3.00%)"
02:30.419,"General Vezax Mark of the Faceless Shambby (A: 4850) (U: 5000, M: 150, 3.00%)"
02:30.419,"General Vezax Mark of the Faceless Droob (A: 4850) (U: 5000, M: 150, 3.00%)"
02:30.419,"General Vezax Mark of the Faceless Apraxial 4656 (U: 5000, M: 344, 6.88%)"
02:37.747,General Vezax's Mark of the Faceless  fades from Padparadcha
02:51.996,Shambby is afflicted by  Mark of the Faceless  from General Vezax
02:54.707,"General Vezax Mark of the Faceless Ratherbebelf 4850 (U: 5000, M: 150, 3.00%)"
02:54.707,"General Vezax Mark of the Faceless Apraxial 4656 (U: 5000, M: 344, 6.88%)"
02:54.707,"General Vezax Mark of the Faceless Droob 4850 (U: 5000, M: 150, 3.00%)"
02:54.707,"General Vezax Mark of the Faceless Padparadcha 4850 (U: 5000, M: 150, 3.00%)"
02:54.707,"General Vezax Mark of the Faceless  Dellbelphine 4850 (U: 5000, M: 150, 3.00%)"
02:55.760,"General Vezax Mark of the Faceless Padparadcha 4850 (U: 5000, M: 150, 3.00%)"
02:55.760,"General Vezax Mark of the Faceless Apraxial 4656 (U: 5000, M: 344, 6.88%)"
02:55.760,"General Vezax Mark of the Faceless  Dellbelphine 4850 (U: 5000, M: 150, 3.00%)"
02:55.760,"General Vezax Mark of the Faceless Droob 4850 (U: 5000, M: 150, 3.00%)"
02:57.003,"General Vezax Mark of the Faceless Droob 4850 (U: 5000, M: 150, 3.00%)"
02:57.003,"General Vezax Mark of the Faceless Apraxial 4656 (U: 5000, M: 344, 6.88%)"
03:02.001,General Vezax's Mark of the Faceless  fades from Shambby
03:02.960,"General Vezax Mark of the Faceless Padparadcha 4850 (U: 5000, M: 150, 3.00%)"
03:02.960,"General Vezax Mark of the Faceless  Dellbelphine (A: 4850) (U: 5000, M: 150, 3.00%)"
03:02.960,"General Vezax Mark of the Faceless Apraxial 4656 (U: 5000, M: 344, 6.88%)"
03:03.932,"General Vezax Mark of the Faceless  Dellbelphine 2811 (A: 2039) (U: 5000, M: 150, 3.00%)"
03:03.948,"General Vezax Mark of the Faceless Padparadcha 4850 (U: 5000, M: 150, 3.00%)"
03:16.263,Ratherbebelf is afflicted by  Mark of the Faceless  from General Vezax
03:19.090,"General Vezax Mark of the Faceless Padparadcha (A: 4850) (U: 5000, M: 150, 3.00%)"
03:19.090,"General Vezax Mark of the Faceless Droob (A: 4850) (U: 5000, M: 150, 3.00%)"
03:19.090,"General Vezax Mark of the Faceless  Dellbelphine 4850 (U: 5000, M: 150, 3.00%)"
03:19.090,"General Vezax Mark of the Faceless Shambby 4850 (U: 5000, M: 150, 3.00%)"
03:19.090,"General Vezax Mark of the Faceless Apraxial (A: 4656) (U: 5000, M: 344, 6.88%)"
03:26.258,General Vezax's Mark of the Faceless  fades from Ratherbebelf
03:40.535,Wunderlol is afflicted by  Mark of the Faceless  from General Vezax
03:43.251,"General Vezax Mark of the Faceless Bezarag 4608 (U: 5000, M: 392, 7.84%)"
03:43.251,"General Vezax Mark of the Faceless Onkos 4850 (U: 5000, M: 150, 3.00%)"
03:43.251,"General Vezax Mark of the Faceless Magìcpìpe 4850 (U: 5000, M: 150, 3.00%)"
03:43.251,"General Vezax Mark of the Faceless Boscaiolo 4850 (U: 5000, M: 150, 3.00%)"
03:43.251,"General Vezax Mark of the Faceless Pestie 4850 (U: 5000, M: 150, 3.00%)"
03:43.251,"General Vezax Mark of the Faceless Shindolshot 4656 (U: 5000, M: 344, 6.88%)"
03:44.554,"General Vezax Mark of the Faceless Onkos 4850 (U: 5000, M: 150, 3.00%)"
03:44.554,"General Vezax Mark of the Faceless Boscaiolo 4850 (U: 5000, M: 150, 3.00%)"
03:44.554,"General Vezax Mark of the Faceless Shindolshot 4656 (U: 5000, M: 344, 6.88%)"
03:44.554,"General Vezax Mark of the Faceless Magìcpìpe 4850 (U: 5000, M: 150, 3.00%)"
03:44.554,"General Vezax Mark of the Faceless Pestie 4850 (U: 5000, M: 150, 3.00%)"
03:45.861,"General Vezax Mark of the Faceless Onkos 4850 (U: 5000, M: 150, 3.00%)"
03:47.146,"General Vezax Mark of the Faceless Onkos 4850 (U: 5000, M: 150, 3.00%)"
03:50.533,General Vezax's Mark of the Faceless  fades from Wunderlol
04:04.802,Padparadcha is afflicted by  Mark of the Faceless  from General Vezax
04:07.437,"General Vezax Mark of the Faceless Apraxial 4656 (U: 5000, M: 344, 6.88%)"
04:07.437,"General Vezax Mark of the Faceless Ratherbebelf (A: 4850) (U: 5000, M: 150, 3.00%)"
04:07.437,"General Vezax Mark of the Faceless Shambby 4850 (U: 5000, M: 150, 3.00%)"
04:07.437,"General Vezax Mark of the Faceless Droob 4850 (U: 5000, M: 150, 3.00%)"
04:07.437,"General Vezax Mark of the Faceless  Dellbelphine 4850 (U: 5000, M: 150, 3.00%)"
04:08.528,"General Vezax Mark of the Faceless Ratherbebelf 2729 (A: 2121) (U: 5000, M: 150, 3.00%)"
04:08.528,"General Vezax Mark of the Faceless Shambby 4850 (U: 5000, M: 150, 3.00%)"
04:08.528,"General Vezax Mark of the Faceless Droob 4850 (U: 5000, M: 150, 3.00%)"
04:08.528,"General Vezax Mark of the Faceless  Dellbelphine 4850 (U: 5000, M: 150, 3.00%)"
04:08.528,"General Vezax Mark of the Faceless Apraxial 4656 (U: 5000, M: 344, 6.88%)"
04:14.808,General Vezax's Mark of the Faceless  fades from Padparadcha
04:27.180,Scribless is afflicted by  Mark of the Faceless  from General Vezax
04:29.213,"General Vezax Mark of the Faceless Seeled 4559 (U: 5000, M: 441, 8.82%)"
04:29.213,"General Vezax Mark of the Faceless  Kinka 615 (A: 1375) (U: 5000, M: 3010, 60.20%)"
04:29.213,"General Vezax Mark of the Faceless Jajjs 4850 (U: 5000, M: 150, 3.00%)"
04:29.213,"General Vezax Mark of the Faceless Sarìah 4850 (U: 5000, M: 150, 3.00%)"
04:29.213,"General Vezax Mark of the Faceless Apraxial 4656 (U: 5000, M: 344, 6.88%)"
04:29.213,"General Vezax Mark of the Faceless  Dellbelphine 4850 (U: 5000, M: 150, 3.00%)"
04:29.213,"General Vezax Mark of the Faceless Ivý 4850 (U: 5000, M: 150, 3.00%)"
04:29.213,"General Vezax Mark of the Faceless Nurfndecay (A: 4850) (U: 5000, M: 150, 3.00%)"
04:30.376,"General Vezax Mark of the Faceless Seeled 4559 (U: 5000, M: 441, 8.82%)"
04:30.376,"General Vezax Mark of the Faceless Apraxial 4656 (U: 5000, M: 344, 6.88%)"
04:30.376,"General Vezax Mark of the Faceless Jajjs 4850 (U: 5000, M: 150, 3.00%)"
04:30.376,"General Vezax Mark of the Faceless Ivý 4850 (U: 5000, M: 150, 3.00%)"
04:30.376,"General Vezax Mark of the Faceless Ratherbebelf 4850 (U: 5000, M: 150, 3.00%)"
04:30.376,"General Vezax Mark of the Faceless Sarìah 4850 (U: 5000, M: 150, 3.00%)"
04:30.376,"General Vezax Mark of the Faceless Nurfndecay 4850 (U: 5000, M: 150, 3.00%)"
04:31.455,"General Vezax Mark of the Faceless Jajjs 4365 (U: 5000, M: 635, 12.70%)"
04:31.455,"General Vezax Mark of the Faceless Ratherbebelf 4850 (U: 5000, M: 150, 3.00%)"
04:32.618,"General Vezax Mark of the Faceless Ratherbebelf 4850 (U: 5000, M: 150, 3.00%)"
04:37.198,General Vezax's Mark of the Faceless  fades from Scribless
04:48.710,Seeled is afflicted by  Mark of the Faceless  from General Vezax
04:48.739,General Vezax's Mark of the Faceless  fades from  Seeled
05:11.609,Wunderlol is afflicted by  Mark of the Faceless  from General Vezax
05:14.217,"General Vezax Mark of the Faceless Onkos 3880 (U: 5000, M: 1120, 22.40%)"
05:14.217,"General Vezax Mark of the Faceless Magìcpìpe 4365 (U: 5000, M: 635, 12.70%)"
05:14.217,"General Vezax Mark of the Faceless Shindolshot 4191 (U: 5000, M: 809, 16.18%)"
05:14.217,"General Vezax Mark of the Faceless Bezarag 4608 (U: 5000, M: 392, 7.84%)"
05:14.217,"General Vezax Mark of the Faceless Boscaiolo 4365 (U: 5000, M: 635, 12.70%)"
05:14.217,"General Vezax Mark of the Faceless Pestie 4365 (U: 5000, M: 635, 12.70%)"
05:15.414,"General Vezax Mark of the Faceless Magìcpìpe 4365 (U: 5000, M: 635, 12.70%)"
05:15.416,"General Vezax Mark of the Faceless Boscaiolo 3437 (O: 1413) (U: 5000, M: 150, 3.00%)"
05:15.416,"General Vezax Mark of the Faceless Shindolshot 3436 (O: 755) (U: 5000, M: 809, 16.18%)"
05:21.612,General Vezax's Mark of the Faceless  fades from Wunderlol
05:23.697,"General Vezax Mark of the Faceless Onkos 3575 (O: 305) (U: 5000, M: 1120, 22.40%)"
05:23.718,"General Vezax Mark of the Faceless Pestie 1241 (O: 3124) (U: 5000, M: 635, 12.70%)"
00:18.387,Ratherbebelf is afflicted by  Mark of the Faceless  from General Vezax
00:20.940,"General Vezax Mark of the Faceless  Apraxial 4656 (U: 5000, M: 344, 6.88%)"
00:20.940,"General Vezax Mark of the Faceless Shambby 4850 (U: 5000, M: 150, 3.00%)"
00:20.940,"General Vezax Mark of the Faceless Padparadcha 4850 (U: 5000, M: 150, 3.00%)"
00:20.940,"General Vezax Mark of the Faceless Droob 4850 (U: 5000, M: 150, 3.00%)"
00:20.940,"General Vezax Mark of the Faceless  Dellbelphine 4850 (U: 5000, M: 150, 3.00%)"
00:22.351,"General Vezax Mark of the Faceless Shambby 4850 (U: 5000, M: 150, 3.00%)"
00:22.351,"General Vezax Mark of the Faceless  Apraxial 4656 (U: 5000, M: 344, 6.88%)"
00:22.351,"General Vezax Mark of the Faceless  Dellbelphine 4850 (U: 5000, M: 150, 3.00%)"
00:28.371,General Vezax's Mark of the Faceless  fades from Ratherbebelf
00:39.541,Apraxial is afflicted by  Mark of the Faceless  from General Vezax
00:42.400,"General Vezax Mark of the Faceless Ratherbebelf 4850 (U: 5000, M: 150, 3.00%)"
00:42.400,"General Vezax Mark of the Faceless  Dellbelphine (A: 4850) (U: 5000, M: 150, 3.00%)"
00:42.400,"General Vezax Mark of the Faceless Shambby 4850 (U: 5000, M: 150, 3.00%)"
00:43.360,"General Vezax Mark of the Faceless Ratherbebelf 4850 (U: 5000, M: 150, 3.00%)"
00:43.360,"General Vezax Mark of the Faceless Shambby 4850 (U: 5000, M: 150, 3.00%)"
00:49.533,General Vezax's Mark of the Faceless  fades from Apraxial
01:11.794,Dellbelphine is afflicted by  Mark of the Faceless  from General Vezax
01:14.410,"General Vezax Mark of the Faceless Droob 4850 (U: 5000, M: 150, 3.00%)"
01:14.410,"General Vezax Mark of the Faceless Padparadcha 4850 (U: 5000, M: 150, 3.00%)"
01:14.410,"General Vezax Mark of the Faceless Apraxial (A: 4656) (U: 5000, M: 344, 6.88%)"
01:14.410,"General Vezax Mark of the Faceless Shambby 4850 (U: 5000, M: 150, 3.00%)"
01:14.410,"General Vezax Mark of the Faceless Ratherbebelf (A: 4850) (U: 5000, M: 150, 3.00%)"
01:21.809,General Vezax's Mark of the Faceless  fades from Dellbelphine
01:32.880,Ratherbebelf is afflicted by  Mark of the Faceless  from General Vezax
01:35.508,"General Vezax Mark of the Faceless Shambby (A: 4850) (U: 5000, M: 150, 3.00%)"
01:35.508,"General Vezax Mark of the Faceless Padparadcha 4850 (U: 5000, M: 150, 3.00%)"
01:35.508,"General Vezax Mark of the Faceless Droob (A: 4850) (U: 5000, M: 150, 3.00%)"
01:35.508,"General Vezax Mark of the Faceless Apraxial 1921 (A: 2735) (U: 5000, M: 344, 6.88%)"
01:35.508,"General Vezax Mark of the Faceless Dellbelphine (A: 4850) (U: 5000, M: 150, 3.00%)"
01:36.782,"General Vezax Mark of the Faceless Apraxial 4656 (U: 5000, M: 344, 6.88%)"
01:36.782,"General Vezax Mark of the Faceless Shambby 1932 (A: 2918) (U: 5000, M: 150, 3.00%)"
01:36.782,"General Vezax Mark of the Faceless Padparadcha 4850 (U: 5000, M: 150, 3.00%)"
01:36.782,"General Vezax Mark of the Faceless Dellbelphine 1931 (A: 2919) (U: 5000, M: 150, 3.00%)"
01:36.782,"General Vezax Mark of the Faceless Droob 1871 (A: 2979) (U: 5000, M: 150, 3.00%)"
01:37.955,"General Vezax Mark of the Faceless Apraxial 4656 (U: 5000, M: 344, 6.88%)"
01:37.955,"General Vezax Mark of the Faceless Shambby 4850 (U: 5000, M: 150, 3.00%)"
01:39.227,"General Vezax Mark of the Faceless Shambby 4850 (U: 5000, M: 150, 3.00%)"
01:42.889,General Vezax's Mark of the Faceless  fades from Ratherbebelf
01:53.910,Ratherbebelf is afflicted by  Mark of the Faceless  from General Vezax
01:56.648,"General Vezax Mark of the Faceless Padparadcha 4850 (U: 5000, M: 150, 3.00%)"
01:56.648,"General Vezax Mark of the Faceless Apraxial 4656 (U: 5000, M: 344, 6.88%)"
01:56.648,"General Vezax Mark of the Faceless Shambby 4850 (U: 5000, M: 150, 3.00%)"
01:56.648,"General Vezax Mark of the Faceless Droob 4850 (U: 5000, M: 150, 3.00%)"
01:56.648,"General Vezax Mark of the Faceless  Dellbelphine 4850 (U: 5000, M: 150, 3.00%)"
01:57.887,"General Vezax Mark of the Faceless Apraxial 4656 (U: 5000, M: 344, 6.88%)"
01:57.887,"General Vezax Mark of the Faceless Shambby 4850 (U: 5000, M: 150, 3.00%)"
02:03.913,General Vezax's Mark of the Faceless  fades from Ratherbebelf
02:14.973,Droob is afflicted by  Mark of the Faceless  from General Vezax
02:17.701,"General Vezax Mark of the Faceless Apraxial (A: 4656) (U: 5000, M: 344, 6.88%)"
02:17.701,"General Vezax Mark of the Faceless  Dellbelphine 4850 (U: 5000, M: 150, 3.00%)"
02:17.701,"General Vezax Mark of the Faceless Shambby (A: 4850) (U: 5000, M: 150, 3.00%)"
02:17.701,"General Vezax Mark of the Faceless Ratherbebelf 4850 (U: 5000, M: 150, 3.00%)"
02:17.701,"General Vezax Mark of the Faceless Padparadcha 4850 (U: 5000, M: 150, 3.00%)"
02:18.875,"General Vezax Mark of the Faceless Ratherbebelf (A: 4850) (U: 5000, M: 150, 3.00%)"
02:18.875,"General Vezax Mark of the Faceless  Dellbelphine 4850 (U: 5000, M: 150, 3.00%)"
02:18.875,"General Vezax Mark of the Faceless Padparadcha 4850 (U: 5000, M: 150, 3.00%)"
02:18.875,"General Vezax Mark of the Faceless Apraxial 2036 (A: 2620) (U: 5000, M: 344, 6.88%)"
02:24.995,General Vezax's Mark of the Faceless  fades from Droob
02:35.919,Bezarag is afflicted by  Mark of the Faceless  from General Vezax
02:45.914,General Vezax's Mark of the Faceless  fades from Bezarag
02:56.935,Pestie is afflicted by  Mark of the Faceless  from General Vezax
02:59.402,"General Vezax Mark of the Faceless Magìcpìpe 4850 (U: 5000, M: 150, 3.00%)"
02:59.402,"General Vezax Mark of the Faceless Shindolshot 4656 (U: 5000, M: 344, 6.88%)"
02:59.402,"General Vezax Mark of the Faceless Onkos (A: 4850) (U: 5000, M: 150, 3.00%)"
02:59.402,"General Vezax Mark of the Faceless Boscaiolo (A: 4850) (U: 5000, M: 150, 3.00%)"
02:59.402,"General Vezax Mark of the Faceless Bezarag 4608 (U: 5000, M: 392, 7.84%)"
02:59.402,"General Vezax Mark of the Faceless  Wunderlol 4122 (U: 5000, M: 878, 17.56%)"
03:06.941,General Vezax's Mark of the Faceless  fades from Pestie
03:18.057,Onkos is afflicted by  Mark of the Faceless  from General Vezax
03:20.823,"General Vezax Mark of the Faceless Boscaiolo (A: 4850) (U: 5000, M: 150, 3.00%)"
03:20.823,"General Vezax Mark of the Faceless Bezarag (A: 4607) (U: 5000, M: 393, 7.86%)"
03:20.823,"General Vezax Mark of the Faceless Wunderlol 4122 (U: 5000, M: 878, 17.56%)"
03:20.823,"General Vezax Mark of the Faceless Shindolshot (A: 4656) (U: 5000, M: 344, 6.88%)"
03:20.823,"General Vezax Mark of the Faceless Magìcpìpe 4850 (U: 5000, M: 150, 3.00%)"
03:20.823,"General Vezax Mark of the Faceless Pestie 4850 (U: 5000, M: 150, 3.00%)"
03:21.841,"General Vezax Mark of the Faceless Bezarag 1787 (A: 2821) (U: 5000, M: 392, 7.84%)"
03:28.079,General Vezax's Mark of the Faceless  fades from Onkos
03:39.043,Shindolshot is afflicted by  Mark of the Faceless  from General Vezax
03:41.768,"General Vezax Mark of the Faceless Magìcpìpe 4850 (U: 5000, M: 150, 3.00%)"
03:41.768,"General Vezax Mark of the Faceless Onkos 4850 (U: 5000, M: 150, 3.00%)"
03:41.768,"General Vezax Mark of the Faceless  Boscaiolo 4850 (U: 5000, M: 150, 3.00%)"
03:41.768,"General Vezax Mark of the Faceless Bezarag 4608 (U: 5000, M: 392, 7.84%)"
03:41.768,"General Vezax Mark of the Faceless Wunderlol 4123 (U: 5000, M: 877, 17.54%)"
03:41.768,"General Vezax Mark of the Faceless Pestie (A: 4850) (U: 5000, M: 150, 3.00%)"
03:43.198,"General Vezax Mark of the Faceless Wunderlol 4122 (U: 5000, M: 878, 17.56%)"
03:43.198,"General Vezax Mark of the Faceless  Boscaiolo 4850 (U: 5000, M: 150, 3.00%)"
03:43.198,"General Vezax Mark of the Faceless Magìcpìpe 4850 (U: 5000, M: 150, 3.00%)"
03:49.045,General Vezax's Mark of the Faceless  fades from Shindolshot
04:01.745,Padparadcha is afflicted by  Mark of the Faceless  from General Vezax
04:04.525,"General Vezax Mark of the Faceless Apraxial (A: 4656) (U: 5000, M: 344, 6.88%)"
04:04.543,"General Vezax Mark of the Faceless Shambby (A: 4850) (U: 5000, M: 150, 3.00%)"
04:04.543,"General Vezax Mark of the Faceless Droob 4850 (U: 5000, M: 150, 3.00%)"
04:04.543,"General Vezax Mark of the Faceless Ratherbebelf (A: 4850) (U: 5000, M: 150, 3.00%)"
04:04.543,"General Vezax Mark of the Faceless  Dellbelphine (A: 4850) (U: 5000, M: 150, 3.00%)"
04:11.748,General Vezax's Mark of the Faceless  fades from Padparadcha
04:14.152,"General Vezax Mark of the Faceless Apraxial 4656 (U: 5000, M: 344, 6.88%)"
04:24.354,Magìcpìpe is afflicted by  Mark of the Faceless  from General Vezax
04:27.116,"General Vezax Mark of the Faceless Onkos 4850 (U: 5000, M: 150, 3.00%)"
04:27.116,"General Vezax Mark of the Faceless  Boscaiolo 4850 (U: 5000, M: 150, 3.00%)"
04:27.116,"General Vezax Mark of the Faceless Wunderlol 4122 (U: 5000, M: 878, 17.56%)"
04:27.116,"General Vezax Mark of the Faceless Pestie 4850 (U: 5000, M: 150, 3.00%)"
04:27.116,"General Vezax Mark of the Faceless Bezarag 4607 (U: 5000, M: 393, 7.86%)"
04:27.116,"General Vezax Mark of the Faceless Shindolshot 4656 (U: 5000, M: 344, 6.88%)"
04:28.286,"General Vezax Mark of the Faceless Bezarag 4607 (U: 5000, M: 393, 7.86%)"
04:28.286,"General Vezax Mark of the Faceless Pestie 4850 (U: 5000, M: 150, 3.00%)"
04:28.286,"General Vezax Mark of the Faceless Onkos 4850 (U: 5000, M: 150, 3.00%)"
04:28.286,"General Vezax Mark of the Faceless  Boscaiolo 4850 (U: 5000, M: 150, 3.00%)"
04:28.286,"General Vezax Mark of the Faceless Wunderlol 4122 (U: 5000, M: 878, 17.56%)"
04:28.286,"General Vezax Mark of the Faceless Shindolshot 4656 (U: 5000, M: 344, 6.88%)"
04:29.567,"General Vezax Mark of the Faceless Shindolshot 4656 (U: 5000, M: 344, 6.88%)"
04:29.567,"General Vezax Mark of the Faceless Pestie 4850 (U: 5000, M: 150, 3.00%)"
04:34.370,General Vezax's Mark of the Faceless  fades from Magìcpìpe
04:48.626,Wunderlol is afflicted by  Mark of the Faceless  from General Vezax
04:51.582,"General Vezax Mark of the Faceless Shindolshot 4656 (U: 5000, M: 344, 6.88%)"
04:51.582,"General Vezax Mark of the Faceless Bezarag 4607 (U: 5000, M: 393, 7.86%)"
04:51.582,"General Vezax Mark of the Faceless  Boscaiolo 4850 (U: 5000, M: 150, 3.00%)"
04:51.582,"General Vezax Mark of the Faceless Pestie 4850 (U: 5000, M: 150, 3.00%)"
04:51.582,"General Vezax Mark of the Faceless Onkos 4850 (U: 5000, M: 150, 3.00%)"
04:51.582,"General Vezax Mark of the Faceless  Magìcpìpe 4850 (U: 5000, M: 150, 3.00%)"
04:52.758,"General Vezax Mark of the Faceless  Magìcpìpe 4850 (U: 5000, M: 150, 3.00%)"
04:52.758,"General Vezax Mark of the Faceless  Boscaiolo 4850 (U: 5000, M: 150, 3.00%)"
04:58.631,General Vezax's Mark of the Faceless  fades from Wunderlol
05:09.740,Dellbelphine is afflicted by  Mark of the Faceless  from General Vezax
05:12.845,"General Vezax Mark of the Faceless Padparadcha 4850 (U: 5000, M: 150, 3.00%)"
05:12.845,"General Vezax Mark of the Faceless Droob 4850 (U: 5000, M: 150, 3.00%)"
05:12.845,"General Vezax Mark of the Faceless Shambby (A: 4850) (U: 5000, M: 150, 3.00%)"
05:14.125,"General Vezax Mark of the Faceless Shambby 4398 (A: 452) (U: 5000, M: 150, 3.00%)"
05:14.125,"General Vezax Mark of the Faceless Droob 4850 (U: 5000, M: 150, 3.00%)"
05:15.387,"General Vezax Mark of the Faceless Shambby 2137 (O: 2713) (U: 5000, M: 150, 3.00%)"
05:19.752,General Vezax's Mark of the Faceless  fades from  Dellbelphine
05:33.989,Magìcpìpe is afflicted by  Mark of the Faceless  from General Vezax
05:36.822,"General Vezax Mark of the Faceless Shindolshot 4190 (U: 5000, M: 810, 16.20%)"
05:36.822,"General Vezax Mark of the Faceless Wunderlol 4123 (U: 5000, M: 877, 17.54%)"
05:36.839,"General Vezax Mark of the Faceless  Boscaiolo 4365 (U: 5000, M: 635, 12.70%)"
05:36.839,"General Vezax Mark of the Faceless Bezarag 4607 (U: 5000, M: 393, 7.86%)"
05:44.000,General Vezax's Mark of the Faceless  fades from Magìcpìpe
00:16.572,Pestie is afflicted by  Mark of the Faceless  from General Vezax
00:19.388,"General Vezax Mark of the Faceless Bezarag 4607 (U: 5000, M: 393, 7.86%)"
00:19.388,"General Vezax Mark of the Faceless  Boscaiolo 4850 (U: 5000, M: 150, 3.00%)"
00:19.388,"General Vezax Mark of the Faceless Magìcpìpe 4850 (U: 5000, M: 150, 3.00%)"
00:19.388,"General Vezax Mark of the Faceless Onkos 4850 (U: 5000, M: 150, 3.00%)"
00:19.388,"General Vezax Mark of the Faceless Shindolshot 4656 (U: 5000, M: 344, 6.88%)"
00:19.388,"General Vezax Mark of the Faceless Wunderlol 4123 (U: 5000, M: 877, 17.54%)"
00:20.438,"General Vezax Mark of the Faceless Onkos 4850 (U: 5000, M: 150, 3.00%)"
00:20.438,"General Vezax Mark of the Faceless Shindolshot 4656 (U: 5000, M: 344, 6.88%)"
00:20.438,"General Vezax Mark of the Faceless Magìcpìpe 4850 (U: 5000, M: 150, 3.00%)"
00:20.438,"General Vezax Mark of the Faceless  Bezarag 4608 (U: 5000, M: 392, 7.84%)"
00:20.438,"General Vezax Mark of the Faceless Wunderlol 4122 (U: 5000, M: 878, 17.56%)"
00:20.438,"General Vezax Mark of the Faceless  Boscaiolo 4850 (U: 5000, M: 150, 3.00%)"
00:21.542,"General Vezax Mark of the Faceless  Boscaiolo 4850 (U: 5000, M: 150, 3.00%)"
00:21.542,"General Vezax Mark of the Faceless Magìcpìpe 4850 (U: 5000, M: 150, 3.00%)"
00:21.542,"General Vezax Mark of the Faceless Wunderlol 4123 (U: 5000, M: 877, 17.54%)"
00:21.542,"General Vezax Mark of the Faceless Onkos (A: 4850) (U: 5000, M: 150, 3.00%)"
00:26.564,General Vezax's Mark of the Faceless  fades from Pestie
00:37.521,Wunderlol is afflicted by  Mark of the Faceless  from General Vezax
00:40.133,"General Vezax Mark of the Faceless Onkos 4850 (U: 5000, M: 150, 3.00%)"
00:40.133,"General Vezax Mark of the Faceless Shindolshot 4656 (U: 5000, M: 344, 6.88%)"
00:40.133,"General Vezax Mark of the Faceless Bezarag 4608 (U: 5000, M: 392, 7.84%)"
00:40.134,"General Vezax Mark of the Faceless  Boscaiolo 4850 (U: 5000, M: 150, 3.00%)"
00:40.134,"General Vezax Mark of the Faceless Magìcpìpe 4850 (U: 5000, M: 150, 3.00%)"
00:41.324,"General Vezax Mark of the Faceless Shindolshot 4656 (U: 5000, M: 344, 6.88%)"
00:41.324,"General Vezax Mark of the Faceless Bezarag 2113 (A: 2495) (U: 5000, M: 392, 7.84%)"
00:41.324,"General Vezax Mark of the Faceless Magìcpìpe 4850 (U: 5000, M: 150, 3.00%)"
00:41.324,"General Vezax Mark of the Faceless Onkos 4850 (U: 5000, M: 150, 3.00%)"
00:41.324,"General Vezax Mark of the Faceless  Boscaiolo 4850 (U: 5000, M: 150, 3.00%)"
00:42.664,"General Vezax Mark of the Faceless Magìcpìpe 4850 (U: 5000, M: 150, 3.00%)"
00:42.665,"General Vezax Mark of the Faceless  Boscaiolo 2409 (A: 2441) (U: 5000, M: 150, 3.00%)"
00:42.665,"General Vezax Mark of the Faceless Shindolshot 4656 (U: 5000, M: 344, 6.88%)"
00:47.527,General Vezax's Mark of the Faceless  fades from Wunderlol
00:58.562,Shambby is afflicted by  Mark of the Faceless  from General Vezax
01:01.157,"General Vezax Mark of the Faceless Padparadcha 4850 (U: 5000, M: 150, 3.00%)"
01:01.157,"General Vezax Mark of the Faceless Ratherbebelf 4850 (U: 5000, M: 150, 3.00%)"
01:01.157,"General Vezax Mark of the Faceless Dellbelphine 4850 (U: 5000, M: 150, 3.00%)"
01:02.424,"General Vezax Mark of the Faceless Dellbelphine 4850 (U: 5000, M: 150, 3.00%)"
01:02.424,"General Vezax Mark of the Faceless Ratherbebelf 4850 (U: 5000, M: 150, 3.00%)"
01:02.424,"General Vezax Mark of the Faceless Apraxial (A: 4656) (U: 5000, M: 344, 6.88%)"
01:02.566,"General Vezax Mark of the Faceless Padparadcha 4850 (U: 5000, M: 150, 3.00%)"
01:03.606,"General Vezax Mark of the Faceless Apraxial 1734 (A: 2922) (U: 5000, M: 344, 6.88%)"
01:08.559,General Vezax's Mark of the Faceless  fades from Shambby
01:24.472,Shambby is afflicted by  Mark of the Faceless  from General Vezax
01:27.237,"General Vezax Mark of the Faceless Ratherbebelf (A: 4850) (U: 5000, M: 150, 3.00%)"
01:27.237,"General Vezax Mark of the Faceless Padparadcha (A: 4850) (U: 5000, M: 150, 3.00%)"
01:27.237,"General Vezax Mark of the Faceless  Dellbelphine (A: 4850) (U: 5000, M: 150, 3.00%)"
01:27.237,"General Vezax Mark of the Faceless Apraxial 4656 (U: 5000, M: 344, 6.88%)"
01:28.461,"General Vezax Mark of the Faceless Apraxial 4656 (U: 5000, M: 344, 6.88%)"
01:28.461,"General Vezax Mark of the Faceless Ratherbebelf 2236 (A: 2614) (U: 5000, M: 150, 3.00%)"
01:34.479,General Vezax's Mark of the Faceless  fades from Shambby
01:45.493,Apraxial is afflicted by  Mark of the Faceless  from General Vezax
01:48.090,"General Vezax Mark of the Faceless Ratherbebelf 4850 (U: 5000, M: 150, 3.00%)"
01:48.090,"General Vezax Mark of the Faceless  Padparadcha 4850 (U: 5000, M: 150, 3.00%)"
01:48.090,"General Vezax Mark of the Faceless Shambby 4850 (U: 5000, M: 150, 3.00%)"
01:48.090,"General Vezax Mark of the Faceless  Dellbelphine 4850 (U: 5000, M: 150, 3.00%)"
01:49.075,"General Vezax Mark of the Faceless Ratherbebelf 4850 (U: 5000, M: 150, 3.00%)"
01:49.075,"General Vezax Mark of the Faceless  Padparadcha 4850 (U: 5000, M: 150, 3.00%)"
01:49.075,"General Vezax Mark of the Faceless  Dellbelphine 4850 (U: 5000, M: 150, 3.00%)"
01:49.075,"General Vezax Mark of the Faceless Shambby 4850 (U: 5000, M: 150, 3.00%)"
01:55.513,General Vezax's Mark of the Faceless  fades from Apraxial
02:06.478,Pestie is afflicted by  Mark of the Faceless  from General Vezax
02:09.164,"General Vezax Mark of the Faceless Magìcpìpe 4850 (U: 5000, M: 150, 3.00%)"
02:09.164,"General Vezax Mark of the Faceless Bezarag (A: 4607) (U: 5000, M: 393, 7.86%)"
02:09.164,"General Vezax Mark of the Faceless  Boscaiolo (A: 4850) (U: 5000, M: 150, 3.00%)"
02:09.164,"General Vezax Mark of the Faceless Onkos 4850 (U: 5000, M: 150, 3.00%)"
02:12.660,General Vezax's Mark of the Faceless  fades from  Pestie
02:29.302,Wunderlol is afflicted by  Mark of the Faceless  from General Vezax
02:32.167,"General Vezax Mark of the Faceless Pestie (A: 4850) (U: 5000, M: 150, 3.00%)"
02:32.167,"General Vezax Mark of the Faceless  Boscaiolo 2180 (A: 2670) (U: 5000, M: 150, 3.00%)"
02:32.167,"General Vezax Mark of the Faceless Shindolshot 4656 (U: 5000, M: 344, 6.88%)"
02:32.167,"General Vezax Mark of the Faceless Bezarag 1603 (A: 3004) (U: 5000, M: 393, 7.86%)"
02:32.167,"General Vezax Mark of the Faceless Onkos (A: 4850) (U: 5000, M: 150, 3.00%)"
02:32.167,"General Vezax Mark of the Faceless Magìcpìpe 4850 (U: 5000, M: 150, 3.00%)"
02:33.427,"General Vezax Mark of the Faceless Magìcpìpe 4850 (U: 5000, M: 150, 3.00%)"
02:33.427,"General Vezax Mark of the Faceless Shindolshot 4656 (U: 5000, M: 344, 6.88%)"
02:33.427,"General Vezax Mark of the Faceless Onkos 2059 (A: 2791) (U: 5000, M: 150, 3.00%)"
02:33.427,"General Vezax Mark of the Faceless  Boscaiolo (A: 4850) (U: 5000, M: 150, 3.00%)"
02:33.427,"General Vezax Mark of the Faceless Pestie 4850 (U: 5000, M: 150, 3.00%)"
02:39.317,General Vezax's Mark of the Faceless  fades from Wunderlol
02:51.941,Wunderlol is afflicted by  Mark of the Faceless  from General Vezax
02:54.827,"General Vezax Mark of the Faceless Shindolshot (A: 4656) (U: 5000, M: 344, 6.88%)"
02:54.827,"General Vezax Mark of the Faceless Onkos (A: 4850) (U: 5000, M: 150, 3.00%)"
02:54.827,"General Vezax Mark of the Faceless Magìcpìpe (A: 4850) (U: 5000, M: 150, 3.00%)"
02:54.827,"General Vezax Mark of the Faceless Bezarag 4608 (U: 5000, M: 392, 7.84%)"
02:54.827,"General Vezax Mark of the Faceless Pestie (A: 4850) (U: 5000, M: 150, 3.00%)"
02:54.827,"General Vezax Mark of the Faceless  Boscaiolo 2146 (A: 2704) (U: 5000, M: 150, 3.00%)"
02:56.093,"General Vezax Mark of the Faceless Onkos 2200 (A: 2650) (U: 5000, M: 150, 3.00%)"
02:56.093,"General Vezax Mark of the Faceless Pestie 2230 (A: 2620) (U: 5000, M: 150, 3.00%)"
02:56.093,"General Vezax Mark of the Faceless Magìcpìpe 2291 (A: 2559) (U: 5000, M: 150, 3.00%)"
02:57.377,"General Vezax Mark of the Faceless Magìcpìpe 4850 (U: 5000, M: 150, 3.00%)"
03:01.943,General Vezax's Mark of the Faceless  fades from Wunderlol
03:19.353,Ratherbebelf is afflicted by  Mark of the Faceless  from General Vezax
03:21.847,"General Vezax Mark of the Faceless Padparadcha 4850 (U: 5000, M: 150, 3.00%)"
03:21.847,"General Vezax Mark of the Faceless Shambby (A: 4850) (U: 5000, M: 150, 3.00%)"
03:21.847,"General Vezax Mark of the Faceless  Dellbelphine (A: 4850) (U: 5000, M: 150, 3.00%)"
03:21.847,"General Vezax Mark of the Faceless Apraxial 4656 (U: 5000, M: 344, 6.88%)"
03:23.209,"General Vezax Mark of the Faceless Apraxial 4656 (U: 5000, M: 344, 6.88%)"
03:23.209,"General Vezax Mark of the Faceless  Dellbelphine 2151 (A: 2699) (U: 5000, M: 150, 3.00%)"
03:23.209,"General Vezax Mark of the Faceless Shambby 2096 (A: 2754) (U: 5000, M: 150, 3.00%)"
03:29.359,General Vezax's Mark of the Faceless  fades from Ratherbebelf
03:40.453,Wunderlol is afflicted by  Mark of the Faceless  from General Vezax
03:43.017,"General Vezax Mark of the Faceless Shindolshot 4656 (U: 5000, M: 344, 6.88%)"
03:43.017,"General Vezax Mark of the Faceless Magìcpìpe (A: 4850) (U: 5000, M: 150, 3.00%)"
03:43.017,"General Vezax Mark of the Faceless Onkos 4850 (U: 5000, M: 150, 3.00%)"
03:43.017,"General Vezax Mark of the Faceless  Boscaiolo (A: 4850) (U: 5000, M: 150, 3.00%)"
03:43.017,"General Vezax Mark of the Faceless Pestie (A: 4850) (U: 5000, M: 150, 3.00%)"
03:43.017,"General Vezax Mark of the Faceless Bezarag 4607 (U: 5000, M: 393, 7.86%)"
03:44.260,"General Vezax Mark of the Faceless Pestie 2344 (A: 2506) (U: 5000, M: 150, 3.00%)"
03:44.260,"General Vezax Mark of the Faceless Shindolshot 4656 (U: 5000, M: 344, 6.88%)"
03:44.260,"General Vezax Mark of the Faceless Onkos 4850 (U: 5000, M: 150, 3.00%)"
03:44.260,"General Vezax Mark of the Faceless  Boscaiolo 2242 (A: 2608) (U: 5000, M: 150, 3.00%)"
03:44.260,"General Vezax Mark of the Faceless Magìcpìpe 2182 (A: 2668) (U: 5000, M: 150, 3.00%)"
03:44.260,"General Vezax Mark of the Faceless Bezarag 4608 (U: 5000, M: 392, 7.84%)"
03:50.457,General Vezax's Mark of the Faceless  fades from Wunderlol
04:01.598,Padparadcha is afflicted by  Mark of the Faceless  from General Vezax
04:04.322,"General Vezax Mark of the Faceless Ratherbebelf (A: 4850) (U: 5000, M: 150, 3.00%)"
04:04.322,"General Vezax Mark of the Faceless  Dellbelphine (A: 4850) (U: 5000, M: 150, 3.00%)"
04:04.322,"General Vezax Mark of the Faceless Apraxial 4656 (U: 5000, M: 344, 6.88%)"
04:04.322,"General Vezax Mark of the Faceless Shambby (A: 4850) (U: 5000, M: 150, 3.00%)"
04:04.322,"General Vezax Mark of the Faceless Bezarag (A: 4608) (U: 5000, M: 392, 7.84%)"
04:05.855,"General Vezax Mark of the Faceless Shindolshot (A: 4656) (U: 5000, M: 344, 6.88%)"
04:11.594,General Vezax's Mark of the Faceless  fades from Padparadcha
04:22.566,Magìcpìpe is afflicted by  Mark of the Faceless  from General Vezax
04:25.133,"General Vezax Mark of the Faceless Boscaiolo 4850 (U: 5000, M: 150, 3.00%)"
04:25.133,"General Vezax Mark of the Faceless Onkos 4850 (U: 5000, M: 150, 3.00%)"
04:25.133,"General Vezax Mark of the Faceless Wunderlol 4122 (U: 5000, M: 878, 17.56%)"
04:25.133,"General Vezax Mark of the Faceless Pestie 4850 (U: 5000, M: 150, 3.00%)"
04:25.133,"General Vezax Mark of the Faceless Bezarag (A: 4607) (U: 5000, M: 393, 7.86%)"
04:25.133,"General Vezax Mark of the Faceless  Shindolshot 4656 (U: 5000, M: 344, 6.88%)"
04:26.263,"General Vezax Mark of the Faceless Onkos 4850 (U: 5000, M: 150, 3.00%)"
04:26.263,"General Vezax Mark of the Faceless Pestie 4850 (U: 5000, M: 150, 3.00%)"
04:26.263,"General Vezax Mark of the Faceless Wunderlol 4122 (U: 5000, M: 878, 17.56%)"
04:26.263,"General Vezax Mark of the Faceless Bezarag 4343 (A: 264) (U: 5000, M: 393, 7.86%)"
04:26.263,"General Vezax Mark of the Faceless Boscaiolo (A: 4850) (U: 5000, M: 150, 3.00%)"
04:32.559,General Vezax's Mark of the Faceless  fades from Magìcpìpe
04:33.168,"General Vezax Mark of the Faceless Boscaiolo 4850 (U: 5000, M: 150, 3.00%)"
04:43.762,Apraxial is afflicted by  Mark of the Faceless  from General Vezax
04:46.731,"General Vezax Mark of the Faceless Dellbelphine 4850 (U: 5000, M: 150, 3.00%)"
04:46.731,"General Vezax Mark of the Faceless  Shambby 4850 (U: 5000, M: 150, 3.00%)"
04:46.731,"General Vezax Mark of the Faceless Padparadcha 4850 (U: 5000, M: 150, 3.00%)"
04:53.776,General Vezax's Mark of the Faceless  fades from Apraxial
05:04.874,Bezarag is afflicted by  Mark of the Faceless  from General Vezax
05:07.831,"General Vezax Mark of the Faceless Wunderlol 4122 (U: 5000, M: 878, 17.56%)"
05:07.831,"General Vezax Mark of the Faceless Shambby 4850 (U: 5000, M: 150, 3.00%)"
05:07.831,"General Vezax Mark of the Faceless Magìcpìpe 4850 (U: 5000, M: 150, 3.00%)"
05:07.831,"General Vezax Mark of the Faceless Shindolshot 4656 (U: 5000, M: 344, 6.88%)"
05:07.831,"General Vezax Mark of the Faceless Dellbelphine 4850 (U: 5000, M: 150, 3.00%)"
05:07.831,"General Vezax Mark of the Faceless Ratherbebelf 4850 (U: 5000, M: 150, 3.00%)"
05:08.844,"General Vezax Mark of the Faceless Shindolshot 4656 (U: 5000, M: 344, 6.88%)"
05:10.096,"General Vezax Mark of the Faceless Shindolshot 4656 (U: 5000, M: 344, 6.88%)"
05:14.880,General Vezax's Mark of the Faceless  fades from Bezarag
05:27.511,Wunderlol is afflicted by  Mark of the Faceless  from General Vezax
05:30.655,"General Vezax Mark of the Faceless Dellbelphine (A: 4850) (U: 5000, M: 150, 3.00%)"
05:30.655,"General Vezax Mark of the Faceless Bezarag 4608 (U: 5000, M: 392, 7.84%)"
05:30.655,"General Vezax Mark of the Faceless Magìcpìpe 4850 (U: 5000, M: 150, 3.00%)"
05:30.655,"General Vezax Mark of the Faceless Shambby 3790 (O: 1060) (U: 5000, M: 150, 3.00%)"
05:30.655,"General Vezax Mark of the Faceless  Ratherbebelf 4850 (U: 5000, M: 150, 3.00%)"
05:30.655,"General Vezax Mark of the Faceless Shindolshot 4656 (U: 5000, M: 344, 6.88%)"
05:30.655,"General Vezax Mark of the Faceless Pestie 4850 (U: 5000, M: 150, 3.00%)"
05:30.655,"General Vezax Mark of the Faceless Padparadcha 4850 (U: 5000, M: 150, 3.00%)"
05:31.941,"General Vezax Mark of the Faceless Padparadcha 4850 (U: 5000, M: 150, 3.00%)"
05:31.941,"General Vezax Mark of the Faceless Ratherbebelf 2583 (O: 2267) (U: 5000, M: 150, 3.00%)"
05:31.941,"General Vezax Mark of the Faceless Pestie 4850 (U: 5000, M: 150, 3.00%)"
05:37.525,General Vezax's Mark of the Faceless  fades from Wunderlol
05:39.807,"General Vezax Mark of the Faceless Pestie 4850 (U: 5000, M: 150, 3.00%)"
05:50.231,Shindolshot is afflicted by  Mark of the Faceless  from General Vezax
05:53.400,"General Vezax Mark of the Faceless Bezarag 4147 (U: 5000, M: 853, 17.06%)"
05:53.400,"General Vezax Mark of the Faceless  Magìcpìpe 4850 (U: 5000, M: 150, 3.00%)"
05:54.508,"General Vezax Mark of the Faceless  Magìcpìpe 4365 (U: 5000, M: 635, 12.70%)"
06:00.224,General Vezax's Mark of the Faceless  fades from Shindolshot
06:14.181,Droob is afflicted by  Mark of the Faceless  from General Vezax
06:24.177,General Vezax's Mark of the Faceless  fades from Droob
06:26.093,"General Vezax Mark of the Faceless Holywhisper 897 (O: 3603) (U: 5000, M: 500, 10.00%)"
06:35.403,Wunderlol is afflicted by  Mark of the Faceless  from General Vezax
06:36.369,General Vezax's Mark of the Faceless  fades from  Wunderlol
00:19.953,Ratherbebelf is afflicted by  Mark of the Faceless  from General Vezax
00:22.675,"General Vezax Mark of the Faceless  Dellbelphine 4850 (U: 5000, M: 150, 3.00%)"
00:22.675,"General Vezax Mark of the Faceless Apraxial 4656 (U: 5000, M: 344, 6.88%)"
00:22.675,"General Vezax Mark of the Faceless Shambby 4850 (U: 5000, M: 150, 3.00%)"
00:22.675,"General Vezax Mark of the Faceless Padparadcha 4850 (U: 5000, M: 150, 3.00%)"
00:29.980,General Vezax's Mark of the Faceless  fades from Ratherbebelf
00:40.936,Shambby is afflicted by  Mark of the Faceless  from General Vezax
00:43.462,"General Vezax Mark of the Faceless Padparadcha (A: 4850) (U: 5000, M: 150, 3.00%)"
00:43.462,"General Vezax Mark of the Faceless Ratherbebelf (A: 4850) (U: 5000, M: 150, 3.00%)"
00:43.462,"General Vezax Mark of the Faceless Apraxial 4656 (U: 5000, M: 344, 6.88%)"
00:43.462,"General Vezax Mark of the Faceless Dellbelphine 4850 (U: 5000, M: 150, 3.00%)"
00:44.637,"General Vezax Mark of the Faceless Ratherbebelf 2294 (A: 2556) (U: 5000, M: 150, 3.00%)"
00:44.637,"General Vezax Mark of the Faceless Dellbelphine 4850 (U: 5000, M: 150, 3.00%)"
00:44.637,"General Vezax Mark of the Faceless Apraxial 4656 (U: 5000, M: 344, 6.88%)"
00:44.637,"General Vezax Mark of the Faceless Padparadcha 2211 (A: 2639) (U: 5000, M: 150, 3.00%)"
00:45.912,"General Vezax Mark of the Faceless Ratherbebelf 4850 (U: 5000, M: 150, 3.00%)"
00:45.912,"General Vezax Mark of the Faceless Padparadcha 4850 (U: 5000, M: 150, 3.00%)"
00:45.912,"General Vezax Mark of the Faceless Dellbelphine 4850 (U: 5000, M: 150, 3.00%)"
00:45.912,"General Vezax Mark of the Faceless  Apraxial (A: 4656) (U: 5000, M: 344, 6.88%)"
00:50.940,General Vezax's Mark of the Faceless  fades from Shambby
01:08.413,Wunderlol is afflicted by  Mark of the Faceless  from General Vezax
01:10.838,"General Vezax Mark of the Faceless Magìcpìpe 4850 (U: 5000, M: 150, 3.00%)"
01:10.838,"General Vezax Mark of the Faceless Bezarag 4607 (U: 5000, M: 393, 7.86%)"
01:10.838,"General Vezax Mark of the Faceless Pestie (A: 4850) (U: 5000, M: 150, 3.00%)"
01:10.838,"General Vezax Mark of the Faceless Onkos (A: 4850) (U: 5000, M: 150, 3.00%)"
01:10.838,"General Vezax Mark of the Faceless Shindolshot 4656 (U: 5000, M: 344, 6.88%)"
01:10.838,"General Vezax Mark of the Faceless  Boscaiolo 4850 (U: 5000, M: 150, 3.00%)"
01:12.075,"General Vezax Mark of the Faceless Magìcpìpe 4850 (U: 5000, M: 150, 3.00%)"
01:12.075,"General Vezax Mark of the Faceless Bezarag (A: 4607) (U: 5000, M: 393, 7.86%)"
01:12.075,"General Vezax Mark of the Faceless Onkos 2263 (A: 2587) (U: 5000, M: 150, 3.00%)"
01:12.075,"General Vezax Mark of the Faceless Pestie 4850 (U: 5000, M: 150, 3.00%)"
01:12.075,"General Vezax Mark of the Faceless  Boscaiolo 4850 (U: 5000, M: 150, 3.00%)"
01:12.075,"General Vezax Mark of the Faceless Shindolshot 4656 (U: 5000, M: 344, 6.88%)"
01:13.435,"General Vezax Mark of the Faceless Boscaiolo 4850 (U: 5000, M: 150, 3.00%)"
01:18.421,General Vezax's Mark of the Faceless  fades from Wunderlol
01:29.499,Apraxial is afflicted by  Mark of the Faceless  from General Vezax
01:31.959,"General Vezax Mark of the Faceless Ratherbebelf (A: 4850) (U: 5000, M: 150, 3.00%)"
01:31.959,"General Vezax Mark of the Faceless Dellbelphine 4850 (U: 5000, M: 150, 3.00%)"
01:31.959,"General Vezax Mark of the Faceless Shambby 4850 (U: 5000, M: 150, 3.00%)"
01:31.959,"General Vezax Mark of the Faceless Padparadcha (A: 4850) (U: 5000, M: 150, 3.00%)"
01:33.011,"General Vezax Mark of the Faceless Dellbelphine 4850 (U: 5000, M: 150, 3.00%)"
01:33.011,"General Vezax Mark of the Faceless Ratherbebelf 2142 (A: 2708) (U: 5000, M: 150, 3.00%)"
01:33.011,"General Vezax Mark of the Faceless Shambby 4850 (U: 5000, M: 150, 3.00%)"
01:33.011,"General Vezax Mark of the Faceless Padparadcha 2142 (A: 2708) (U: 5000, M: 150, 3.00%)"
01:34.722,"General Vezax Mark of the Faceless Shambby 4850 (U: 5000, M: 150, 3.00%)"
01:39.487,General Vezax's Mark of the Faceless  fades from Apraxial
01:50.592,Shambby is afflicted by  Mark of the Faceless  from General Vezax
01:53.336,"General Vezax Mark of the Faceless  Dellbelphine 4850 (U: 5000, M: 150, 3.00%)"
01:53.336,"General Vezax Mark of the Faceless Padparadcha 4850 (U: 5000, M: 150, 3.00%)"
01:53.336,"General Vezax Mark of the Faceless Apraxial 4656 (U: 5000, M: 344, 6.88%)"
01:53.336,"General Vezax Mark of the Faceless Ratherbebelf 4850 (U: 5000, M: 150, 3.00%)"
01:54.599,"General Vezax Mark of the Faceless Padparadcha (A: 4850) (U: 5000, M: 150, 3.00%)"
01:54.599,"General Vezax Mark of the Faceless  Dellbelphine (A: 4850) (U: 5000, M: 150, 3.00%)"
01:54.599,"General Vezax Mark of the Faceless Ratherbebelf 4850 (U: 5000, M: 150, 3.00%)"
01:54.599,"General Vezax Mark of the Faceless Apraxial 4656 (U: 5000, M: 344, 6.88%)"
02:00.608,General Vezax's Mark of the Faceless  fades from Shambby
02:14.848,Pestie is afflicted by  Mark of the Faceless  from General Vezax
02:17.727,"General Vezax Mark of the Faceless Wunderlol 4123 (U: 5000, M: 877, 17.54%)"
02:17.727,"General Vezax Mark of the Faceless Onkos (A: 4850) (U: 5000, M: 150, 3.00%)"
02:17.727,"General Vezax Mark of the Faceless Boscaiolo (A: 4850) (U: 5000, M: 150, 3.00%)"
02:17.727,"General Vezax Mark of the Faceless Shindolshot 4656 (U: 5000, M: 344, 6.88%)"
02:17.727,"General Vezax Mark of the Faceless Bezarag (A: 4608) (U: 5000, M: 392, 7.84%)"
02:17.727,"General Vezax Mark of the Faceless Magìcpìpe 4850 (U: 5000, M: 150, 3.00%)"
02:18.842,"General Vezax Mark of the Faceless Magìcpìpe 4850 (U: 5000, M: 150, 3.00%)"
02:18.842,"General Vezax Mark of the Faceless Onkos 2313 (A: 2537) (U: 5000, M: 150, 3.00%)"
02:18.842,"General Vezax Mark of the Faceless Bezarag 1723 (A: 2885) (U: 5000, M: 392, 7.84%)"
02:18.842,"General Vezax Mark of the Faceless Wunderlol 4123 (U: 5000, M: 877, 17.54%)"
02:18.842,"General Vezax Mark of the Faceless Shindolshot 4656 (U: 5000, M: 344, 6.88%)"
02:18.842,"General Vezax Mark of the Faceless Boscaiolo 2253 (A: 2597) (U: 5000, M: 150, 3.00%)"
02:24.854,General Vezax's Mark of the Faceless  fades from Pestie
02:35.882,Apraxial is afflicted by  Mark of the Faceless  from General Vezax
02:38.460,"General Vezax Mark of the Faceless  Dellbelphine 4850 (U: 5000, M: 150, 3.00%)"
02:38.460,"General Vezax Mark of the Faceless Ratherbebelf 4850 (U: 5000, M: 150, 3.00%)"
02:38.460,"General Vezax Mark of the Faceless Padparadcha 4850 (U: 5000, M: 150, 3.00%)"
02:40.199,"General Vezax Mark of the Faceless Shambby (A: 4850) (U: 5000, M: 150, 3.00%)"
02:45.874,General Vezax's Mark of the Faceless  fades from Apraxial
02:46.377,"General Vezax Mark of the Faceless Ratherbebelf 4850 (U: 5000, M: 150, 3.00%)"
02:47.366,"General Vezax Mark of the Faceless  Ratherbebelf 4850 (U: 5000, M: 150, 3.00%)"
02:48.364,"General Vezax Mark of the Faceless  Ratherbebelf 4850 (U: 5000, M: 150, 3.00%)"
02:56.988,Wunderlol is afflicted by  Mark of the Faceless  from General Vezax
02:59.927,"General Vezax Mark of the Faceless Padparadcha (A: 4850) (U: 5000, M: 150, 3.00%)"
02:59.927,"General Vezax Mark of the Faceless Shindolshot 4656 (U: 5000, M: 344, 6.88%)"
03:01.178,"General Vezax Mark of the Faceless Shindolshot 4656 (U: 5000, M: 344, 6.88%)"
03:02.469,"General Vezax Mark of the Faceless Shindolshot (A: 4656) (U: 5000, M: 344, 6.88%)"
03:07.017,General Vezax's Mark of the Faceless  fades from Wunderlol
03:17.969,Shambby is afflicted by  Mark of the Faceless  from General Vezax
03:20.647,"General Vezax Mark of the Faceless Ratherbebelf (A: 4850) (U: 5000, M: 150, 3.00%)"
03:20.647,"General Vezax Mark of the Faceless Padparadcha 4850 (U: 5000, M: 150, 3.00%)"
03:20.647,"General Vezax Mark of the Faceless Apraxial 4656 (U: 5000, M: 344, 6.88%)"
03:20.647,"General Vezax Mark of the Faceless  Dellbelphine 4850 (U: 5000, M: 150, 3.00%)"
03:21.911,"General Vezax Mark of the Faceless Padparadcha 4850 (U: 5000, M: 150, 3.00%)"
03:21.911,"General Vezax Mark of the Faceless  Dellbelphine 4850 (U: 5000, M: 150, 3.00%)"
03:21.911,"General Vezax Mark of the Faceless Apraxial 4656 (U: 5000, M: 344, 6.88%)"
03:27.963,General Vezax's Mark of the Faceless  fades from Shambby
03:38.977,Apraxial is afflicted by  Mark of the Faceless  from General Vezax
03:41.656,"General Vezax Mark of the Faceless  Shambby 4850 (U: 5000, M: 150, 3.00%)"
03:41.656,"General Vezax Mark of the Faceless  Dellbelphine 4850 (U: 5000, M: 150, 3.00%)"
03:41.656,"General Vezax Mark of the Faceless Padparadcha (A: 4850) (U: 5000, M: 150, 3.00%)"
03:41.656,"General Vezax Mark of the Faceless Ratherbebelf 4850 (U: 5000, M: 150, 3.00%)"
03:43.188,"General Vezax Mark of the Faceless Shambby (A: 4850) (U: 5000, M: 150, 3.00%)"
03:44.431,"General Vezax Mark of the Faceless Shambby 2106 (A: 2744) (U: 5000, M: 150, 3.00%)"
03:48.463,"General Vezax Mark of the Faceless Ratherbebelf 4850 (U: 5000, M: 150, 3.00%)"
03:48.987,General Vezax's Mark of the Faceless  fades from Apraxial
03:49.473,"General Vezax Mark of the Faceless Ratherbebelf (A: 4850) (U: 5000, M: 150, 3.00%)"
03:50.492,"General Vezax Mark of the Faceless Ratherbebelf 1118 (A: 2599) (O: 1133) (U: 5000, M: 150, 3.00%)"
04:00.021,Magìcpìpe is afflicted by  Mark of the Faceless  from General Vezax
04:02.762,"General Vezax Mark of the Faceless Pestie 4850 (U: 5000, M: 150, 3.00%)"
04:02.762,"General Vezax Mark of the Faceless Bezarag 4608 (U: 5000, M: 392, 7.84%)"
04:02.762,"General Vezax Mark of the Faceless  Boscaiolo 4850 (U: 5000, M: 150, 3.00%)"
04:03.900,"General Vezax Mark of the Faceless Pestie 4850 (U: 5000, M: 150, 3.00%)"
04:10.034,General Vezax's Mark of the Faceless  fades from Magìcpìpe
04:21.175,Shambby is afflicted by  Mark of the Faceless  from General Vezax
04:24.100,"General Vezax Mark of the Faceless Apraxial 4656 (U: 5000, M: 344, 6.88%)"
04:24.100,"General Vezax Mark of the Faceless Ratherbebelf 778 (A: 4072) (U: 5000, M: 150, 3.00%)"
04:24.100,"General Vezax Mark of the Faceless Padparadcha 4850 (U: 5000, M: 150, 3.00%)"
04:25.379,"General Vezax Mark of the Faceless Padparadcha 4850 (U: 5000, M: 150, 3.00%)"
04:25.379,"General Vezax Mark of the Faceless Apraxial 4656 (U: 5000, M: 344, 6.88%)"
04:31.175,General Vezax's Mark of the Faceless  fades from Shambby
04:42.263,Shindolshot is afflicted by  Mark of the Faceless  from General Vezax
04:45.074,"General Vezax Mark of the Faceless Onkos 2220 (A: 2630) (U: 5000, M: 150, 3.00%)"
04:45.074,"General Vezax Mark of the Faceless Wunderlol 4122 (U: 5000, M: 878, 17.56%)"
04:45.074,"General Vezax Mark of the Faceless Magìcpìpe 4850 (U: 5000, M: 150, 3.00%)"
04:45.074,"General Vezax Mark of the Faceless  Boscaiolo 4332 (A: 33) (U: 5000, M: 635, 12.70%)"
04:52.265,General Vezax's Mark of the Faceless  fades from Shindolshot
05:06.472,Onkos is afflicted by  Mark of the Faceless  from General Vezax
05:09.238,"General Vezax Mark of the Faceless Pestie 4850 (U: 5000, M: 150, 3.00%)"
05:09.238,"General Vezax Mark of the Faceless Shindolshot 4656 (U: 5000, M: 344, 6.88%)"
05:09.238,"General Vezax Mark of the Faceless Wunderlol 4123 (U: 5000, M: 877, 17.54%)"
05:09.238,"General Vezax Mark of the Faceless Magìcpìpe 4850 (U: 5000, M: 150, 3.00%)"
05:09.238,"General Vezax Mark of the Faceless  Boscaiolo 4365 (U: 5000, M: 635, 12.70%)"
05:10.468,"General Vezax Mark of the Faceless Magìcpìpe 4850 (U: 5000, M: 150, 3.00%)"
05:10.468,"General Vezax Mark of the Faceless  Boscaiolo 4365 (U: 5000, M: 635, 12.70%)"
05:10.468,"General Vezax Mark of the Faceless Wunderlol 4123 (U: 5000, M: 877, 17.54%)"
05:10.468,"General Vezax Mark of the Faceless Pestie 4850 (U: 5000, M: 150, 3.00%)"
05:11.735,"General Vezax Mark of the Faceless Pestie 4850 (U: 5000, M: 150, 3.00%)"
05:16.454,General Vezax's Mark of the Faceless  fades from Onkos
05:30.678,Bezarag is afflicted by  Mark of the Faceless  from General Vezax
05:33.807,"General Vezax Mark of the Faceless Boscaiolo 4365 (U: 5000, M: 635, 12.70%)"
05:33.807,"General Vezax Mark of the Faceless Pestie 4850 (U: 5000, M: 150, 3.00%)"
05:33.807,"General Vezax Mark of the Faceless Wunderlol 4122 (U: 5000, M: 878, 17.56%)"
05:33.807,"General Vezax Mark of the Faceless Shindolshot 4191 (U: 5000, M: 809, 16.18%)"
05:35.003,"General Vezax Mark of the Faceless Shindolshot 4191 (U: 5000, M: 809, 16.18%)"
05:40.729,General Vezax's Mark of the Faceless  fades from Bezarag
05:42.158,"General Vezax Mark of the Faceless  Shindolshot 4190 (U: 5000, M: 810, 16.20%)"
05:42.158,"General Vezax Mark of the Faceless Boscaiolo 4850 (U: 5000, M: 150, 3.00%)"
05:51.833,Shambby is afflicted by  Mark of the Faceless  from General Vezax
05:54.883,"General Vezax Mark of the Faceless Padparadcha 4850 (U: 5000, M: 150, 3.00%)"
05:54.883,"General Vezax Mark of the Faceless Dellbelphine 4850 (U: 5000, M: 150, 3.00%)"
06:01.842,General Vezax's Mark of the Faceless  fades from Shambby
06:12.880,Shindolshot is afflicted by  Mark of the Faceless  from General Vezax
06:15.710,"General Vezax Mark of the Faceless Magìcpìpe 4850 (U: 5000, M: 150, 3.00%)"
06:15.710,"General Vezax Mark of the Faceless Pestie 4850 (U: 5000, M: 150, 3.00%)"
06:15.710,"General Vezax Mark of the Faceless Boscaiolo 4850 (U: 5000, M: 150, 3.00%)"
06:15.710,"General Vezax Mark of the Faceless  Onkos 4850 (U: 5000, M: 150, 3.00%)"
06:15.710,"General Vezax Mark of the Faceless Wunderlol 4123 (U: 5000, M: 877, 17.54%)"
06:16.815,"General Vezax Mark of the Faceless Pestie 4850 (U: 5000, M: 150, 3.00%)"
06:16.815,"General Vezax Mark of the Faceless  Onkos 4850 (U: 5000, M: 150, 3.00%)"
06:16.815,"General Vezax Mark of the Faceless Magìcpìpe 4850 (U: 5000, M: 150, 3.00%)"
06:16.816,"General Vezax Mark of the Faceless Wunderlol 4123 (U: 5000, M: 877, 17.54%)"
06:16.816,"General Vezax Mark of the Faceless Boscaiolo 4850 (U: 5000, M: 150, 3.00%)"
06:18.057,"General Vezax Mark of the Faceless Wunderlol 4122 (U: 5000, M: 878, 17.56%)"
06:22.873,General Vezax's Mark of the Faceless  fades from Shindolshot
06:34.102,Wunderlol is afflicted by  Mark of the Faceless  from General Vezax
06:37.347,"General Vezax Mark of the Faceless Pestie 4850 (U: 5000, M: 150, 3.00%)"
06:37.347,"General Vezax Mark of the Faceless Magìcpìpe 4850 (U: 5000, M: 150, 3.00%)"
06:37.347,"General Vezax Mark of the Faceless Onkos 4850 (U: 5000, M: 150, 3.00%)"
06:38.490,"General Vezax Mark of the Faceless Pestie 4850 (U: 5000, M: 150, 3.00%)"
06:44.110,General Vezax's Mark of the Faceless  fades from Wunderlol
06:56.717,Pestie is afflicted by  Mark of the Faceless  from General Vezax
06:59.894,"General Vezax Mark of the Faceless Magìcpìpe 4850 (U: 5000, M: 150, 3.00%)"
06:59.909,"General Vezax Mark of the Faceless Onkos 4850 (U: 5000, M: 150, 3.00%)"
07:00.669,General Vezax's Mark of the Faceless  fades from  Pestie
07:17.682,Pestie is afflicted by  Mark of the Faceless  from General Vezax
07:20.544,"General Vezax Mark of the Faceless Wunderlol 4123 (U: 5000, M: 877, 17.54%)"
07:20.544,"General Vezax Mark of the Faceless Onkos 4850 (U: 5000, M: 150, 3.00%)"
07:20.544,"General Vezax Mark of the Faceless Magìcpìpe 4850 (U: 5000, M: 150, 3.00%)"
07:27.682,General Vezax's Mark of the Faceless  fades from Pestie
07:38.433,Magìcpìpe is afflicted by  Mark of the Faceless  from General Vezax
07:40.660,"General Vezax Mark of the Faceless Onkos 4850 (U: 5000, M: 150, 3.00%)"
07:40.660,"General Vezax Mark of the Faceless  Wunderlol 4123 (U: 5000, M: 877, 17.54%)"
07:41.793,"General Vezax Mark of the Faceless Onkos 3833 (O: 1017) (U: 5000, M: 150, 3.00%)"
07:48.449,General Vezax's Mark of the Faceless  fades from Magìcpìpe
07:59.567,Magìcpìpe is afflicted by  Mark of the Faceless  from General Vezax
08:02.433,"General Vezax Mark of the Faceless Dellbelphine 4850 (U: 5000, M: 150, 3.00%)"
08:02.433,"General Vezax Mark of the Faceless Primalheals 4850 (U: 5000, M: 150, 3.00%)"
08:04.039,"General Vezax Mark of the Faceless Dellbelphine 4850 (U: 5000, M: 150, 3.00%)"
08:09.605,General Vezax's Mark of the Faceless  fades from Magìcpìpe
08:20.453,Jajjs is afflicted by  Mark of the Faceless  from General Vezax
08:22.175,General Vezax Mark of the Faceless Wolfester 5093 (U: 5000)
08:22.175,"General Vezax Mark of the Faceless Scribless 4850 (U: 5000, M: 150, 3.00%)"
08:22.175,"General Vezax Mark of the Faceless Mirajz 4850 (U: 5000, M: 150, 3.00%)"
08:22.175,General Vezax Mark of the Faceless Holywhisper 5000 (U: 5000)
08:22.175,"General Vezax Mark of the Faceless Ivý 4850 (U: 5000, M: 150, 3.00%)"
08:22.625,General Vezax's Mark of the Faceless  fades from Jajjs
08:22.967,"General Vezax Mark of the Faceless Mirajz 4850 (U: 5000, M: 150, 3.00%)"
08:22.967,General Vezax Mark of the Faceless Wolfester 5092 (U: 5000)
08:22.967,General Vezax Mark of the Faceless Holywhisper 5000 (U: 5000)
08:22.967,"General Vezax Mark of the Faceless Ivý 4850 (U: 5000, M: 150, 3.00%)"
08:22.967,"General Vezax Mark of the Faceless Scribless 4850 (U: 5000, M: 150, 3.00%)"
08:41.984,Magìcpìpe is afflicted by  Mark of the Faceless  from General Vezax
08:51.989,General Vezax's Mark of the Faceless  fades from Magìcpìpe
09:02.891,Wunderlol is afflicted by  Mark of the Faceless  from General Vezax
09:12.899,General Vezax's Mark of the Faceless  fades from Wunderlol
00:18.571,Shindolshot is afflicted by  Mark of the Faceless  from General Vezax
00:21.349,"General Vezax Mark of the Faceless Wunderlol 4122 (U: 5000, M: 878, 17.56%)"
00:21.349,"General Vezax Mark of the Faceless Apraxial 4656 (U: 5000, M: 344, 6.88%)"
00:21.349,"General Vezax Mark of the Faceless Boscaiolo 4850 (U: 5000, M: 150, 3.00%)"
00:21.349,"General Vezax Mark of the Faceless Pestie 4850 (U: 5000, M: 150, 3.00%)"
00:21.349,"General Vezax Mark of the Faceless Bezarag 4608 (U: 5000, M: 392, 7.84%)"
00:21.349,"General Vezax Mark of the Faceless Ratherbebelf 4850 (U: 5000, M: 150, 3.00%)"
00:21.349,"General Vezax Mark of the Faceless Magìcpìpe 4850 (U: 5000, M: 150, 3.00%)"
00:21.349,"General Vezax Mark of the Faceless Onkos 4850 (U: 5000, M: 150, 3.00%)"
00:22.636,"General Vezax Mark of the Faceless Boscaiolo 4850 (U: 5000, M: 150, 3.00%)"
00:22.637,"General Vezax Mark of the Faceless Wunderlol 4123 (U: 5000, M: 877, 17.54%)"
00:28.555,General Vezax's Mark of the Faceless  fades from Shindolshot
00:39.619,Magìcpìpe is afflicted by  Mark of the Faceless  from General Vezax
00:42.759,"General Vezax Mark of the Faceless Wunderlol 4123 (U: 5000, M: 877, 17.54%)"
00:42.759,"General Vezax Mark of the Faceless Shindolshot 4656 (U: 5000, M: 344, 6.88%)"
00:42.759,"General Vezax Mark of the Faceless Bezarag 4607 (U: 5000, M: 393, 7.86%)"
00:42.759,"General Vezax Mark of the Faceless Pestie 4850 (U: 5000, M: 150, 3.00%)"
00:42.759,"General Vezax Mark of the Faceless Boscaiolo 4850 (U: 5000, M: 150, 3.00%)"
00:42.759,"General Vezax Mark of the Faceless Onkos (A: 4850) (U: 5000, M: 150, 3.00%)"
00:43.934,"General Vezax Mark of the Faceless Pestie 4850 (U: 5000, M: 150, 3.00%)"
00:49.612,General Vezax's Mark of the Faceless  fades from Magìcpìpe
01:02.071,Apraxial is afflicted by  Mark of the Faceless  from General Vezax
01:04.302,"General Vezax Mark of the Faceless Shambby 4850 (U: 5000, M: 150, 3.00%)"
01:04.302,"General Vezax Mark of the Faceless Padparadcha 4850 (U: 5000, M: 150, 3.00%)"
01:04.302,"General Vezax Mark of the Faceless Ratherbebelf 4850 (U: 5000, M: 150, 3.00%)"
01:04.302,"General Vezax Mark of the Faceless Dellbelphine 4850 (U: 5000, M: 150, 3.00%)"
01:04.302,"General Vezax Mark of the Faceless Seeled 4559 (U: 5000, M: 441, 8.82%)"
01:05.325,"General Vezax Mark of the Faceless Padparadcha 4850 (U: 5000, M: 150, 3.00%)"
01:05.325,"General Vezax Mark of the Faceless Shambby 4850 (U: 5000, M: 150, 3.00%)"
01:05.325,"General Vezax Mark of the Faceless Sarìah 4850 (U: 5000, M: 150, 3.00%)"
01:05.325,"General Vezax Mark of the Faceless Dellbelphine 4850 (U: 5000, M: 150, 3.00%)"
01:05.325,"General Vezax Mark of the Faceless Seeled 4559 (U: 5000, M: 441, 8.82%)"
01:06.318,"General Vezax Mark of the Faceless Seeled 3447 (O: 1112) (U: 5000, M: 441, 8.82%)"
01:06.318,"General Vezax Mark of the Faceless Sarìah 4850 (U: 5000, M: 150, 3.00%)"
01:06.318,"General Vezax Mark of the Faceless  Kinka 4422 (U: 5000, M: 578, 11.56%)"
01:06.318,"General Vezax Mark of the Faceless Dellbelphine 4850 (U: 5000, M: 150, 3.00%)"
01:06.318,General Vezax Mark of the Faceless Wolfester 5092 (U: 5000)
01:06.318,"General Vezax Mark of the Faceless Shambby 4850 (U: 5000, M: 150, 3.00%)"
01:06.318,"General Vezax Mark of the Faceless Ratherbebelf 4850 (U: 5000, M: 150, 3.00%)"
01:07.308,"General Vezax Mark of the Faceless  Kinka 4422 (U: 5000, M: 578, 11.56%)"
01:07.308,"General Vezax Mark of the Faceless Ratherbebelf 4850 (U: 5000, M: 150, 3.00%)"
01:07.308,"General Vezax Mark of the Faceless Sarìah 2179 (O: 2671) (U: 5000, M: 150, 3.00%)"
01:07.308,General Vezax Mark of the Faceless Wolfester 5092 (U: 5000)
01:07.308,"General Vezax Mark of the Faceless Dellbelphine 221 (O: 4629) (U: 5000, M: 150, 3.00%)"
01:08.301,"General Vezax Mark of the Faceless  Kinka (A: 4422) (U: 5000, M: 578, 11.56%)"
01:08.319,General Vezax Mark of the Faceless Wolfester 4440 (O: 653) (U: 5000)
01:08.319,"General Vezax Mark of the Faceless Holywhisper 4850 (U: 5000, M: 150, 3.00%)"
01:08.319,"General Vezax Mark of the Faceless Jajjs 4850 (U: 5000, M: 150, 3.00%)"
01:09.289,"General Vezax Mark of the Faceless Holywhisper 4850 (U: 5000, M: 150, 3.00%)"
01:09.289,"General Vezax Mark of the Faceless Jajjs 4850 (U: 5000, M: 150, 3.00%)"
01:09.289,"General Vezax Mark of the Faceless  Kinka 1755 (A: 2667) (U: 5000, M: 578, 11.56%)"
01:10.297,"General Vezax Mark of the Faceless Nurfndecay 4850 (U: 5000, M: 150, 3.00%)"
01:10.297,"General Vezax Mark of the Faceless  Kinka 4185 (A: 237) (U: 5000, M: 578, 11.56%)"
01:10.297,"General Vezax Mark of the Faceless Jajjs 237 (O: 4613) (U: 5000, M: 150, 3.00%)"
01:11.299,"General Vezax Mark of the Faceless Primalheals 4850 (U: 5000, M: 150, 3.00%)"
01:11.299,"General Vezax Mark of the Faceless Nurfndecay 4850 (U: 5000, M: 150, 3.00%)"
01:12.059,General Vezax's Mark of the Faceless  fades from Apraxial
01:12.299,"General Vezax Mark of the Faceless Nurfndecay 4014 (O: 836) (U: 5000, M: 150, 3.00%)"
01:12.299,"General Vezax Mark of the Faceless Droob 4850 (U: 5000, M: 150, 3.00%)"
01:12.299,"General Vezax Mark of the Faceless Primalheals 4850 (U: 5000, M: 150, 3.00%)"
01:13.308,"General Vezax Mark of the Faceless Primalheals 2070 (O: 2780) (U: 5000, M: 150, 3.00%)"
01:13.308,"General Vezax Mark of the Faceless Droob 4850 (U: 5000, M: 150, 3.00%)"